said	study_accession	sample_accession	study_title	paper_id	pmid	doi	relation	evidence	provenance	title_similarity	verified_on
SAID099	CRA004660	SAMC438600		PMID_35613617	35613617	10.1016/j.stem.2022.04.017	primary_dataset_publication	The Cell Stem Cell article reports the heterochronic-parabiosis atlas deposited as CRA004660; the accession title, design, submitter Jiaming Li, and study description match the publication.	study_publication_overrides.json		2026-07-18
SAID100	CRA004660	SAMC438601		PMID_35613617	35613617	10.1016/j.stem.2022.04.017	primary_dataset_publication	The Cell Stem Cell article reports the heterochronic-parabiosis atlas deposited as CRA004660; the accession title, design, submitter Jiaming Li, and study description match the publication.	study_publication_overrides.json		2026-07-18
SAID101	CRA004660	SAMC438602		PMID_35613617	35613617	10.1016/j.stem.2022.04.017	primary_dataset_publication	The Cell Stem Cell article reports the heterochronic-parabiosis atlas deposited as CRA004660; the accession title, design, submitter Jiaming Li, and study description match the publication.	study_publication_overrides.json		2026-07-18
SAID102	CRA004660	SAMC438603		PMID_35613617	35613617	10.1016/j.stem.2022.04.017	primary_dataset_publication	The Cell Stem Cell article reports the heterochronic-parabiosis atlas deposited as CRA004660; the accession title, design, submitter Jiaming Li, and study description match the publication.	study_publication_overrides.json		2026-07-18
SAID103	CRA006512	SAMC703634		PMID_37285263	37285263	10.1093/procel/pwac062	primary_dataset_publication	The article data-availability statement names CRA006512.	study_publication_overrides.json		2026-07-18
SAID104	CRA006512	SAMC703635		PMID_37285263	37285263	10.1093/procel/pwac062	primary_dataset_publication	The article data-availability statement names CRA006512.	study_publication_overrides.json		2026-07-18
SAID105	CRA006512	SAMC703636		PMID_37285263	37285263	10.1093/procel/pwac062	primary_dataset_publication	The article data-availability statement names CRA006512.	study_publication_overrides.json		2026-07-18
SAID106	CRA006512	SAMC703637		PMID_37285263	37285263	10.1093/procel/pwac062	primary_dataset_publication	The article data-availability statement names CRA006512.	study_publication_overrides.json		2026-07-18
SAID107	CRA006512	SAMC703638		PMID_37285263	37285263	10.1093/procel/pwac062	primary_dataset_publication	The article data-availability statement names CRA006512.	study_publication_overrides.json		2026-07-18
SAID108	CRA006512	SAMC703639		PMID_37285263	37285263	10.1093/procel/pwac062	primary_dataset_publication	The article data-availability statement names CRA006512.	study_publication_overrides.json		2026-07-18
SAID109	CRA006512	SAMC703640		PMID_37285263	37285263	10.1093/procel/pwac062	primary_dataset_publication	The article data-availability statement names CRA006512.	study_publication_overrides.json		2026-07-18
SAID103	CRA006512	SAMC703634		PMID_40391738	40391738	10.1093/procel/pwaf035	correction	Published correction to PMID 37285263.	study_publication_overrides.json		2026-07-18
SAID104	CRA006512	SAMC703635		PMID_40391738	40391738	10.1093/procel/pwaf035	correction	Published correction to PMID 37285263.	study_publication_overrides.json		2026-07-18
SAID105	CRA006512	SAMC703636		PMID_40391738	40391738	10.1093/procel/pwaf035	correction	Published correction to PMID 37285263.	study_publication_overrides.json		2026-07-18
SAID106	CRA006512	SAMC703637		PMID_40391738	40391738	10.1093/procel/pwaf035	correction	Published correction to PMID 37285263.	study_publication_overrides.json		2026-07-18
SAID107	CRA006512	SAMC703638		PMID_40391738	40391738	10.1093/procel/pwaf035	correction	Published correction to PMID 37285263.	study_publication_overrides.json		2026-07-18
SAID108	CRA006512	SAMC703639		PMID_40391738	40391738	10.1093/procel/pwaf035	correction	Published correction to PMID 37285263.	study_publication_overrides.json		2026-07-18
SAID109	CRA006512	SAMC703640		PMID_40391738	40391738	10.1093/procel/pwaf035	correction	Published correction to PMID 37285263.	study_publication_overrides.json		2026-07-18
SAID110	CRA028265	SAMC5706929		PMID_40817122	40817122	10.1038/s41467-025-62874-9	primary_dataset_publication	The article data-availability statement names CRA028265.	study_publication_overrides.json		2026-07-18
SAID111	CRA028265	SAMC5706930		PMID_40817122	40817122	10.1038/s41467-025-62874-9	primary_dataset_publication	The article data-availability statement names CRA028265.	study_publication_overrides.json		2026-07-18
SAID112	CRA028974	SAMC5773650		PMID_41329515	41329515	10.1172/JCI188827	primary_dataset_publication	The article data-availability statement names CRA028974.	study_publication_overrides.json		2026-07-18
SAID113	CRA028974	SAMC5773651		PMID_41329515	41329515	10.1172/JCI188827	primary_dataset_publication	The article data-availability statement names CRA028974.	study_publication_overrides.json		2026-07-18
SAID114	CRA028974	SAMC5773652		PMID_41329515	41329515	10.1172/JCI188827	primary_dataset_publication	The article data-availability statement names CRA028974.	study_publication_overrides.json		2026-07-18
SAID115	CRA028974	SAMC5773653		PMID_41329515	41329515	10.1172/JCI188827	primary_dataset_publication	The article data-availability statement names CRA028974.	study_publication_overrides.json		2026-07-18
SAID116	CRA028974	SAMC5773654		PMID_41329515	41329515	10.1172/JCI188827	primary_dataset_publication	The article data-availability statement names CRA028974.	study_publication_overrides.json		2026-07-18
SAID117	CRA028974	SAMC5773655		PMID_41329515	41329515	10.1172/JCI188827	primary_dataset_publication	The article data-availability statement names CRA028974.	study_publication_overrides.json		2026-07-18
SAID118	CRA028974	SAMC5773656		PMID_41329515	41329515	10.1172/JCI188827	primary_dataset_publication	The article data-availability statement names CRA028974.	study_publication_overrides.json		2026-07-18
SAID119	CRA028974	SAMC5773657		PMID_41329515	41329515	10.1172/JCI188827	primary_dataset_publication	The article data-availability statement names CRA028974.	study_publication_overrides.json		2026-07-18
SAID056	GSE122043	GSM3453536	Single-cell analysis RNA sequencing of whole mouse skin at embryonic day 13.5 and 14.5	PMID_30595533	30595533	10.1016/j.devcel.2018.11.032	repository_linked_publication	PubMed identifier recorded in AllData.xlsx	AllData.xlsx	0.437	2026-07-18
SAID057	GSE122043	GSM3453538	Single-cell analysis RNA sequencing of whole mouse skin at embryonic day 13.5 and 14.5	PMID_30595533	30595533	10.1016/j.devcel.2018.11.032	repository_linked_publication	PubMed identifier recorded in AllData.xlsx	AllData.xlsx	0.437	2026-07-18
SAID132	GSE130973	GSM3758115	Single-cell transcriptomes of the aging human skin reveal loss of fibroblast priming	PMID_32327715	32327715	10.1038/s42003-020-0922-4	primary_dataset_publication	PubMed identifier recorded in AllData.xlsx	AllData.xlsx	0.897	2026-07-18
SAID133	GSE130973	GSM3758116	Single-cell transcriptomes of the aging human skin reveal loss of fibroblast priming	PMID_32327715	32327715	10.1038/s42003-020-0922-4	primary_dataset_publication	PubMed identifier recorded in AllData.xlsx	AllData.xlsx	0.897	2026-07-18
SAID134	GSE130973	GSM3758117	Single-cell transcriptomes of the aging human skin reveal loss of fibroblast priming	PMID_32327715	32327715	10.1038/s42003-020-0922-4	primary_dataset_publication	PubMed identifier recorded in AllData.xlsx	AllData.xlsx	0.897	2026-07-18
SAID135	GSE130973	GSM3758119	Single-cell transcriptomes of the aging human skin reveal loss of fibroblast priming	PMID_32327715	32327715	10.1038/s42003-020-0922-4	primary_dataset_publication	PubMed identifier recorded in AllData.xlsx	AllData.xlsx	0.897	2026-07-18
SAID208	GSE132802	GSM3892569	Single-cell RNA-sequencing of skin, fresh blood, and cultured peripheral blood mononuclear cells from a patient with drug-induced hypersensitivity syndrome and healthy volunteers	PMID_31959990	31959990	10.1038/s41591-019-0733-7	repository_linked_publication	PubMed identifier recorded in AllData.xlsx	AllData.xlsx	0.490	2026-07-18
SAID209	GSE132802	GSM3892577	Single-cell RNA-sequencing of skin, fresh blood, and cultured peripheral blood mononuclear cells from a patient with drug-induced hypersensitivity syndrome and healthy volunteers	PMID_31959990	31959990	10.1038/s41591-019-0733-7	repository_linked_publication	PubMed identifier recorded in AllData.xlsx	AllData.xlsx	0.490	2026-07-18
SAID210	GSE132802	GSM3892578	Single-cell RNA-sequencing of skin, fresh blood, and cultured peripheral blood mononuclear cells from a patient with drug-induced hypersensitivity syndrome and healthy volunteers	PMID_31959990	31959990	10.1038/s41591-019-0733-7	repository_linked_publication	PubMed identifier recorded in AllData.xlsx	AllData.xlsx	0.490	2026-07-18
SAID211	GSE132802	GSM3892579	Single-cell RNA-sequencing of skin, fresh blood, and cultured peripheral blood mononuclear cells from a patient with drug-induced hypersensitivity syndrome and healthy volunteers	PMID_31959990	31959990	10.1038/s41591-019-0733-7	repository_linked_publication	PubMed identifier recorded in AllData.xlsx	AllData.xlsx	0.490	2026-07-18
SAID212	GSE132802	GSM3892580	Single-cell RNA-sequencing of skin, fresh blood, and cultured peripheral blood mononuclear cells from a patient with drug-induced hypersensitivity syndrome and healthy volunteers	PMID_31959990	31959990	10.1038/s41591-019-0733-7	repository_linked_publication	PubMed identifier recorded in AllData.xlsx	AllData.xlsx	0.490	2026-07-18
SAID213	GSE132802	GSM3892581	Single-cell RNA-sequencing of skin, fresh blood, and cultured peripheral blood mononuclear cells from a patient with drug-induced hypersensitivity syndrome and healthy volunteers	PMID_31959990	31959990	10.1038/s41591-019-0733-7	repository_linked_publication	PubMed identifier recorded in AllData.xlsx	AllData.xlsx	0.490	2026-07-18
SAID214	GSE132802	GSM3892582	Single-cell RNA-sequencing of skin, fresh blood, and cultured peripheral blood mononuclear cells from a patient with drug-induced hypersensitivity syndrome and healthy volunteers	PMID_31959990	31959990	10.1038/s41591-019-0733-7	repository_linked_publication	PubMed identifier recorded in AllData.xlsx	AllData.xlsx	0.490	2026-07-18
SAID053	GSE146122	GSM4378540	Single Cell RNA-sequencing of murine tail interfollicular epidermis basal cells at postnatal days 7, 30 and in adult	PMID_32259486	32259486	10.1016/j.cell.2020.03.015	repository_linked_publication	PubMed identifier recorded in AllData.xlsx	AllData.xlsx	0.367	2026-07-18
SAID054	GSE146122	GSM4378541	Single Cell RNA-sequencing of murine tail interfollicular epidermis basal cells at postnatal days 7, 30 and in adult	PMID_32259486	32259486	10.1016/j.cell.2020.03.015	repository_linked_publication	PubMed identifier recorded in AllData.xlsx	AllData.xlsx	0.367	2026-07-18
SAID055	GSE146122	GSM4378542	Single Cell RNA-sequencing of murine tail interfollicular epidermis basal cells at postnatal days 7, 30 and in adult	PMID_32259486	32259486	10.1016/j.cell.2020.03.015	repository_linked_publication	PubMed identifier recorded in AllData.xlsx	AllData.xlsx	0.367	2026-07-18
SAID047	GSE153596	GSM4647785	Single Cell RNA Sequencing of neonatal and juvenile mice skin (wound and unwounded)	PMID_32990218	32990218	10.7554/eLife.60066	repository_linked_publication	PubMed identifier recorded in AllData.xlsx	AllData.xlsx	0.333	2026-07-18
SAID048	GSE153596	GSM4647786	Single Cell RNA Sequencing of neonatal and juvenile mice skin (wound and unwounded)	PMID_32990218	32990218	10.7554/eLife.60066	repository_linked_publication	PubMed identifier recorded in AllData.xlsx	AllData.xlsx	0.333	2026-07-18
SAID049	GSE153596	GSM4647787	Single Cell RNA Sequencing of neonatal and juvenile mice skin (wound and unwounded)	PMID_32990218	32990218	10.7554/eLife.60066	repository_linked_publication	PubMed identifier recorded in AllData.xlsx	AllData.xlsx	0.333	2026-07-18
SAID050	GSE153596	GSM4647788	Single Cell RNA Sequencing of neonatal and juvenile mice skin (wound and unwounded)	PMID_32990218	32990218	10.7554/eLife.60066	repository_linked_publication	PubMed identifier recorded in AllData.xlsx	AllData.xlsx	0.333	2026-07-18
SAID051	GSE153596	GSM4647789	Single Cell RNA Sequencing of neonatal and juvenile mice skin (wound and unwounded)	PMID_32990218	32990218	10.7554/eLife.60066	repository_linked_publication	PubMed identifier recorded in AllData.xlsx	AllData.xlsx	0.333	2026-07-18
SAID052	GSE153596	GSM4647790	Single Cell RNA Sequencing of neonatal and juvenile mice skin (wound and unwounded)	PMID_32990218	32990218	10.7554/eLife.60066	repository_linked_publication	PubMed identifier recorded in AllData.xlsx	AllData.xlsx	0.333	2026-07-18
SAID124	GSE155850	GSM7754887	scRNASeq data of CD45+CD3-CD19- and keratinocytes in normal and HS skin	PMID_32841223	32841223	10.1172/jci.insight.139932	repository_linked_publication	PubMed identifier recorded in AllData.xlsx	AllData.xlsx	0.242	2026-07-18
SAID125	GSE155850	GSM7754889	scRNASeq data of CD45+CD3-CD19- and keratinocytes in normal and HS skin	PMID_32841223	32841223	10.1172/jci.insight.139932	repository_linked_publication	PubMed identifier recorded in AllData.xlsx	AllData.xlsx	0.242	2026-07-18
SAID126	GSE155850	GSM7754890	scRNASeq data of CD45+CD3-CD19- and keratinocytes in normal and HS skin	PMID_32841223	32841223	10.1172/jci.insight.139932	repository_linked_publication	PubMed identifier recorded in AllData.xlsx	AllData.xlsx	0.242	2026-07-18
SAID044	GSE158691	GSM4805563	Single cell RNA-sequencing of murine dermal cells and hindlimb skeletal muscle stromal cells.	PMID_33737730	33737730	10.1038/s41551-021-00696-y	repository_linked_publication	PubMed identifier recorded in AllData.xlsx	AllData.xlsx	0.245	2026-07-18
SAID045	GSE158691	GSM4805560	Single cell RNA-sequencing of murine dermal cells and hindlimb skeletal muscle stromal cells.	PMID_33737730	33737730	10.1038/s41551-021-00696-y	repository_linked_publication	PubMed identifier recorded in AllData.xlsx	AllData.xlsx	0.245	2026-07-18
SAID046	GSE158691	GSM4805558	Single cell RNA-sequencing of murine dermal cells and hindlimb skeletal muscle stromal cells.	PMID_33737730	33737730	10.1038/s41551-021-00696-y	repository_linked_publication	PubMed identifier recorded in AllData.xlsx	AllData.xlsx	0.245	2026-07-18
SAID221	GSE158924	GSM4815800	Treatment of granuloma annulare and suppression of pro-inflammatory cytokine activity with tofacitinib [scRNA-Seq]	PMID_33317858	33317858	10.1016/j.jaci.2020.10.012	primary_dataset_publication	PubMed identifier recorded in AllData.xlsx	AllData.xlsx	0.948	2026-07-18
SAID222	GSE158924	GSM4815801	Treatment of granuloma annulare and suppression of pro-inflammatory cytokine activity with tofacitinib [scRNA-Seq]	PMID_33317858	33317858	10.1016/j.jaci.2020.10.012	primary_dataset_publication	PubMed identifier recorded in AllData.xlsx	AllData.xlsx	0.948	2026-07-18
SAID223	GSE158924	GSM4815802	Treatment of granuloma annulare and suppression of pro-inflammatory cytokine activity with tofacitinib [scRNA-Seq]	PMID_33317858	33317858	10.1016/j.jaci.2020.10.012	primary_dataset_publication	PubMed identifier recorded in AllData.xlsx	AllData.xlsx	0.948	2026-07-18
SAID224	GSE158924	GSM4815803	Treatment of granuloma annulare and suppression of pro-inflammatory cytokine activity with tofacitinib [scRNA-Seq]	PMID_33317858	33317858	10.1016/j.jaci.2020.10.012	primary_dataset_publication	PubMed identifier recorded in AllData.xlsx	AllData.xlsx	0.948	2026-07-18
SAID225	GSE158924	GSM4815804	Treatment of granuloma annulare and suppression of pro-inflammatory cytokine activity with tofacitinib [scRNA-Seq]	PMID_33317858	33317858	10.1016/j.jaci.2020.10.012	primary_dataset_publication	PubMed identifier recorded in AllData.xlsx	AllData.xlsx	0.948	2026-07-18
SAID226	GSE158924	GSM4815805	Treatment of granuloma annulare and suppression of pro-inflammatory cytokine activity with tofacitinib [scRNA-Seq]	PMID_33317858	33317858	10.1016/j.jaci.2020.10.012	primary_dataset_publication	PubMed identifier recorded in AllData.xlsx	AllData.xlsx	0.948	2026-07-18
SAID090	GSE165021	GSM5024746	Single-cell transcriptomics  of the mouse skin  reveal potential target of psoriasis	PMID_34936223	34936223	10.15252/emmm.202114455	repository_linked_publication	PubMed identifier recorded in AllData.xlsx	AllData.xlsx	0.351	2026-07-18
SAID091	GSE165021	GSM5024747	Single-cell transcriptomics  of the mouse skin  reveal potential target of psoriasis	PMID_34936223	34936223	10.15252/emmm.202114455	repository_linked_publication	PubMed identifier recorded in AllData.xlsx	AllData.xlsx	0.351	2026-07-18
SAID092	GSE165021	GSM5024748	Single-cell transcriptomics  of the mouse skin  reveal potential target of psoriasis	PMID_34936223	34936223	10.15252/emmm.202114455	repository_linked_publication	PubMed identifier recorded in AllData.xlsx	AllData.xlsx	0.351	2026-07-18
SAID093	GSE165021	GSM5024749	Single-cell transcriptomics  of the mouse skin  reveal potential target of psoriasis	PMID_34936223	34936223	10.15252/emmm.202114455	repository_linked_publication	PubMed identifier recorded in AllData.xlsx	AllData.xlsx	0.351	2026-07-18
SAID094	GSE165021	GSM5024750	Single-cell transcriptomics  of the mouse skin  reveal potential target of psoriasis	PMID_34936223	34936223	10.15252/emmm.202114455	repository_linked_publication	PubMed identifier recorded in AllData.xlsx	AllData.xlsx	0.351	2026-07-18
SAID095	GSE165021	GSM5024751	Single-cell transcriptomics  of the mouse skin  reveal potential target of psoriasis	PMID_34936223	34936223	10.15252/emmm.202114455	repository_linked_publication	PubMed identifier recorded in AllData.xlsx	AllData.xlsx	0.351	2026-07-18
SAID090	GSE165021	GSM5024746	Single-cell transcriptomics  of the mouse skin  reveal potential target of psoriasis	PMID_35281792	35281792	10.1002/mco2.120	repository_linked_publication	PubMed identifier recorded in AllData.xlsx	AllData.xlsx	0.278	2026-07-18
SAID091	GSE165021	GSM5024747	Single-cell transcriptomics  of the mouse skin  reveal potential target of psoriasis	PMID_35281792	35281792	10.1002/mco2.120	repository_linked_publication	PubMed identifier recorded in AllData.xlsx	AllData.xlsx	0.278	2026-07-18
SAID092	GSE165021	GSM5024748	Single-cell transcriptomics  of the mouse skin  reveal potential target of psoriasis	PMID_35281792	35281792	10.1002/mco2.120	repository_linked_publication	PubMed identifier recorded in AllData.xlsx	AllData.xlsx	0.278	2026-07-18
SAID093	GSE165021	GSM5024749	Single-cell transcriptomics  of the mouse skin  reveal potential target of psoriasis	PMID_35281792	35281792	10.1002/mco2.120	repository_linked_publication	PubMed identifier recorded in AllData.xlsx	AllData.xlsx	0.278	2026-07-18
SAID094	GSE165021	GSM5024750	Single-cell transcriptomics  of the mouse skin  reveal potential target of psoriasis	PMID_35281792	35281792	10.1002/mco2.120	repository_linked_publication	PubMed identifier recorded in AllData.xlsx	AllData.xlsx	0.278	2026-07-18
SAID095	GSE165021	GSM5024751	Single-cell transcriptomics  of the mouse skin  reveal potential target of psoriasis	PMID_35281792	35281792	10.1002/mco2.120	repository_linked_publication	PubMed identifier recorded in AllData.xlsx	AllData.xlsx	0.278	2026-07-18
SAID245	GSE173252	GSM5264341	Deciphering mesenchymal drivers of human Dupuytren’s disease at single-cell level	PMID_34274346	34274346	10.1016/j.jid.2021.05.030	primary_dataset_publication	PubMed identifier recorded in AllData.xlsx	AllData.xlsx	0.994	2026-07-18
SAID246	GSE173252	GSM5264342	Deciphering mesenchymal drivers of human Dupuytren’s disease at single-cell level	PMID_34274346	34274346	10.1016/j.jid.2021.05.030	primary_dataset_publication	PubMed identifier recorded in AllData.xlsx	AllData.xlsx	0.994	2026-07-18
SAID247	GSE173252	GSM5264344	Deciphering mesenchymal drivers of human Dupuytren’s disease at single-cell level	PMID_34274346	34274346	10.1016/j.jid.2021.05.030	primary_dataset_publication	PubMed identifier recorded in AllData.xlsx	AllData.xlsx	0.994	2026-07-18
SAID248	GSE173252	GSM5264345	Deciphering mesenchymal drivers of human Dupuytren’s disease at single-cell level	PMID_34274346	34274346	10.1016/j.jid.2021.05.030	primary_dataset_publication	PubMed identifier recorded in AllData.xlsx	AllData.xlsx	0.994	2026-07-18
SAID249	GSE173252	GSM5264346	Deciphering mesenchymal drivers of human Dupuytren’s disease at single-cell level	PMID_34274346	34274346	10.1016/j.jid.2021.05.030	primary_dataset_publication	PubMed identifier recorded in AllData.xlsx	AllData.xlsx	0.994	2026-07-18
SAID250	GSE173252	GSM5264347	Deciphering mesenchymal drivers of human Dupuytren’s disease at single-cell level	PMID_34274346	34274346	10.1016/j.jid.2021.05.030	primary_dataset_publication	PubMed identifier recorded in AllData.xlsx	AllData.xlsx	0.994	2026-07-18
SAID251	GSE173252	GSM5264348	Deciphering mesenchymal drivers of human Dupuytren’s disease at single-cell level	PMID_34274346	34274346	10.1016/j.jid.2021.05.030	primary_dataset_publication	PubMed identifier recorded in AllData.xlsx	AllData.xlsx	0.994	2026-07-18
SAID252	GSE173252	GSM5264349	Deciphering mesenchymal drivers of human Dupuytren’s disease at single-cell level	PMID_34274346	34274346	10.1016/j.jid.2021.05.030	primary_dataset_publication	PubMed identifier recorded in AllData.xlsx	AllData.xlsx	0.994	2026-07-18
SAID127	GSE175990	GSM5352392	Single cell transcriptional profile for hidradenitis suppurativa	PMID_34504848	34504848	10.3389/fmed.2021.665873	repository_linked_publication	PubMed identifier recorded in AllData.xlsx	AllData.xlsx	0.573	2026-07-18
SAID128	GSE175990	GSM5352393	Single cell transcriptional profile for hidradenitis suppurativa	PMID_34504848	34504848	10.3389/fmed.2021.665873	repository_linked_publication	PubMed identifier recorded in AllData.xlsx	AllData.xlsx	0.573	2026-07-18
SAID129	GSE175990	GSM5352394	Single cell transcriptional profile for hidradenitis suppurativa	PMID_34504848	34504848	10.3389/fmed.2021.665873	repository_linked_publication	PubMed identifier recorded in AllData.xlsx	AllData.xlsx	0.573	2026-07-18
SAID130	GSE175990	GSM5352395	Single cell transcriptional profile for hidradenitis suppurativa	PMID_34504848	34504848	10.3389/fmed.2021.665873	repository_linked_publication	PubMed identifier recorded in AllData.xlsx	AllData.xlsx	0.573	2026-07-18
SAID131	GSE179565	GSM5420670	Single-cell transcriptome analysis reveals the dynamics of human immune cells during early fetal skin development	PMID_34380039	34380039	10.1016/j.celrep.2021.109524	primary_dataset_publication	PubMed identifier recorded in AllData.xlsx	AllData.xlsx	1.000	2026-07-18
SAID227	GSE181297	GSM5494438	Integrated analysis of single-cell and spatial transcriptomics in keloids	PMID_35123990	35123990	10.1016/j.jid.2022.01.017	repository_linked_publication	PubMed identifier recorded in AllData.xlsx	AllData.xlsx	0.695	2026-07-18
SAID043	GSE189210	GSM5696148	Parallel single cell multi-omics analysis of neonatal skin reveals transitional fibroblast states that restrict differentiation into distinct fates	PMID_34922949	34922949	10.1016/j.jid.2021.11.032	primary_dataset_publication	PubMed identifier recorded in AllData.xlsx	AllData.xlsx	0.983	2026-07-18
SAID153	GSE193304	GSM5788491	Single-cell Sequencing Highlights Heterogeneity and Malignant Progression in Actinic Keratosis and Cutaneous Squamous Cell Carcinoma	PMID_38099574	38099574	10.7554/eLife.85270	primary_dataset_publication	PubMed identifier recorded in AllData.xlsx	AllData.xlsx	1.000	2026-07-18
SAID154	GSE193304	GSM5788492	Single-cell Sequencing Highlights Heterogeneity and Malignant Progression in Actinic Keratosis and Cutaneous Squamous Cell Carcinoma	PMID_38099574	38099574	10.7554/eLife.85270	primary_dataset_publication	PubMed identifier recorded in AllData.xlsx	AllData.xlsx	1.000	2026-07-18
SAID155	GSE193304	GSM5788493	Single-cell Sequencing Highlights Heterogeneity and Malignant Progression in Actinic Keratosis and Cutaneous Squamous Cell Carcinoma	PMID_38099574	38099574	10.7554/eLife.85270	primary_dataset_publication	PubMed identifier recorded in AllData.xlsx	AllData.xlsx	1.000	2026-07-18
SAID156	GSE193304	GSM5788494	Single-cell Sequencing Highlights Heterogeneity and Malignant Progression in Actinic Keratosis and Cutaneous Squamous Cell Carcinoma	PMID_38099574	38099574	10.7554/eLife.85270	primary_dataset_publication	PubMed identifier recorded in AllData.xlsx	AllData.xlsx	1.000	2026-07-18
SAID157	GSE193304	GSM5788495	Single-cell Sequencing Highlights Heterogeneity and Malignant Progression in Actinic Keratosis and Cutaneous Squamous Cell Carcinoma	PMID_38099574	38099574	10.7554/eLife.85270	primary_dataset_publication	PubMed identifier recorded in AllData.xlsx	AllData.xlsx	1.000	2026-07-18
SAID158	GSE193304	GSM5788496	Single-cell Sequencing Highlights Heterogeneity and Malignant Progression in Actinic Keratosis and Cutaneous Squamous Cell Carcinoma	PMID_38099574	38099574	10.7554/eLife.85270	primary_dataset_publication	PubMed identifier recorded in AllData.xlsx	AllData.xlsx	1.000	2026-07-18
SAID159	GSE193304	GSM5788497	Single-cell Sequencing Highlights Heterogeneity and Malignant Progression in Actinic Keratosis and Cutaneous Squamous Cell Carcinoma	PMID_38099574	38099574	10.7554/eLife.85270	primary_dataset_publication	PubMed identifier recorded in AllData.xlsx	AllData.xlsx	1.000	2026-07-18
SAID160	GSE193304	GSM5788498	Single-cell Sequencing Highlights Heterogeneity and Malignant Progression in Actinic Keratosis and Cutaneous Squamous Cell Carcinoma	PMID_38099574	38099574	10.7554/eLife.85270	primary_dataset_publication	PubMed identifier recorded in AllData.xlsx	AllData.xlsx	1.000	2026-07-18
SAID161	GSE193304	GSM5788499	Single-cell Sequencing Highlights Heterogeneity and Malignant Progression in Actinic Keratosis and Cutaneous Squamous Cell Carcinoma	PMID_38099574	38099574	10.7554/eLife.85270	primary_dataset_publication	PubMed identifier recorded in AllData.xlsx	AllData.xlsx	1.000	2026-07-18
SAID162	GSE193304	GSM5788500	Single-cell Sequencing Highlights Heterogeneity and Malignant Progression in Actinic Keratosis and Cutaneous Squamous Cell Carcinoma	PMID_38099574	38099574	10.7554/eLife.85270	primary_dataset_publication	PubMed identifier recorded in AllData.xlsx	AllData.xlsx	1.000	2026-07-18
SAID163	GSE193304	GSM5788501	Single-cell Sequencing Highlights Heterogeneity and Malignant Progression in Actinic Keratosis and Cutaneous Squamous Cell Carcinoma	PMID_38099574	38099574	10.7554/eLife.85270	primary_dataset_publication	PubMed identifier recorded in AllData.xlsx	AllData.xlsx	1.000	2026-07-18
SAID164	GSE193304	GSM5788503	Single-cell Sequencing Highlights Heterogeneity and Malignant Progression in Actinic Keratosis and Cutaneous Squamous Cell Carcinoma	PMID_38099574	38099574	10.7554/eLife.85270	primary_dataset_publication	PubMed identifier recorded in AllData.xlsx	AllData.xlsx	1.000	2026-07-18
SAID165	GSE195674	GSM5847946	Single cell RNA sequencing and TCR repertoire analysis of Adult T-cell Leukemia/Lymphoma (ATLL)	PMID_35464471	35464471	10.3389/fimmu.2022.856363	repository_linked_publication	PubMed identifier recorded in AllData.xlsx	AllData.xlsx	0.320	2026-07-18
SAID040	GSE196677	GSM5898068	Single-cell transcriptomics reveals natural product Shi-Bi-Man promotes hair regeneration	PMID_38429819	38429819	10.1186/s13020-024-00907-z	repository_linked_publication	PubMed identifier recorded in AllData.xlsx	AllData.xlsx	0.348	2026-07-18
SAID041	GSE196677	GSM5898069	Single-cell transcriptomics reveals natural product Shi-Bi-Man promotes hair regeneration	PMID_38429819	38429819	10.1186/s13020-024-00907-z	repository_linked_publication	PubMed identifier recorded in AllData.xlsx	AllData.xlsx	0.348	2026-07-18
SAID042	GSE196677	GSM5898070	Single-cell transcriptomics reveals natural product Shi-Bi-Man promotes hair regeneration	PMID_38429819	38429819	10.1186/s13020-024-00907-z	repository_linked_publication	PubMed identifier recorded in AllData.xlsx	AllData.xlsx	0.348	2026-07-18
SAID152	GSE203034	GSM6152838	Single-cell analysis of human dermal fibroblasts isolated from a single male donor over 35 years	PMID_37727050	37727050	10.1111/exd.14929	primary_dataset_publication	PubMed identifier recorded in AllData.xlsx	AllData.xlsx	1.000	2026-07-18
SAID215	GSE203262	GSM6165459	single cell RNA-sequencing of matched lesional and nonlesional skin from vitiligo patients	PMID_35653192	35653192	10.1172/jci.insight.154585	repository_linked_publication	PubMed identifier recorded in AllData.xlsx	AllData.xlsx	0.318	2026-07-18
SAID216	GSE203262	GSM6165460	single cell RNA-sequencing of matched lesional and nonlesional skin from vitiligo patients	PMID_35653192	35653192	10.1172/jci.insight.154585	repository_linked_publication	PubMed identifier recorded in AllData.xlsx	AllData.xlsx	0.318	2026-07-18
SAID217	GSE203262	GSM6165462	single cell RNA-sequencing of matched lesional and nonlesional skin from vitiligo patients	PMID_35653192	35653192	10.1172/jci.insight.154585	repository_linked_publication	PubMed identifier recorded in AllData.xlsx	AllData.xlsx	0.318	2026-07-18
SAID218	GSE203262	GSM6165463	single cell RNA-sequencing of matched lesional and nonlesional skin from vitiligo patients	PMID_35653192	35653192	10.1172/jci.insight.154585	repository_linked_publication	PubMed identifier recorded in AllData.xlsx	AllData.xlsx	0.318	2026-07-18
SAID219	GSE203262	GSM6165464	single cell RNA-sequencing of matched lesional and nonlesional skin from vitiligo patients	PMID_35653192	35653192	10.1172/jci.insight.154585	repository_linked_publication	PubMed identifier recorded in AllData.xlsx	AllData.xlsx	0.318	2026-07-18
SAID220	GSE203262	GSM6165465	single cell RNA-sequencing of matched lesional and nonlesional skin from vitiligo patients	PMID_35653192	35653192	10.1172/jci.insight.154585	repository_linked_publication	PubMed identifier recorded in AllData.xlsx	AllData.xlsx	0.318	2026-07-18
SAID038	GSE205020	GSM6204200	Gene expression profile at single cell level of fibroblasts from untreated (UT) and imiquimod (IMQ)-induced mouse skin.	PMID_37037861	37037861	10.1038/s41467-023-37798-x	repository_linked_publication	PubMed identifier recorded in AllData.xlsx	AllData.xlsx	0.443	2026-07-18
SAID039	GSE205020	GSM6204201	Gene expression profile at single cell level of fibroblasts from untreated (UT) and imiquimod (IMQ)-induced mouse skin.	PMID_37037861	37037861	10.1038/s41467-023-37798-x	repository_linked_publication	PubMed identifier recorded in AllData.xlsx	AllData.xlsx	0.443	2026-07-18
SAID026	GSE210224	GSM6423811	Single cell gene expression profiling of CARD9 WT and R101C murine skin infected with Trichophyton rubrum	PMID_38489265	38489265	10.1016/j.celrep.2024.113944	repository_linked_publication	PubMed identifier recorded in AllData.xlsx	AllData.xlsx	0.400	2026-07-18
SAID027	GSE210224	GSM6423812	Single cell gene expression profiling of CARD9 WT and R101C murine skin infected with Trichophyton rubrum	PMID_38489265	38489265	10.1016/j.celrep.2024.113944	repository_linked_publication	PubMed identifier recorded in AllData.xlsx	AllData.xlsx	0.400	2026-07-18
SAID028	GSE210224	GSM6423813	Single cell gene expression profiling of CARD9 WT and R101C murine skin infected with Trichophyton rubrum	PMID_38489265	38489265	10.1016/j.celrep.2024.113944	repository_linked_publication	PubMed identifier recorded in AllData.xlsx	AllData.xlsx	0.400	2026-07-18
SAID029	GSE210224	GSM6423814	Single cell gene expression profiling of CARD9 WT and R101C murine skin infected with Trichophyton rubrum	PMID_38489265	38489265	10.1016/j.celrep.2024.113944	repository_linked_publication	PubMed identifier recorded in AllData.xlsx	AllData.xlsx	0.400	2026-07-18
SAID030	GSE210224	GSM6423815	Single cell gene expression profiling of CARD9 WT and R101C murine skin infected with Trichophyton rubrum	PMID_38489265	38489265	10.1016/j.celrep.2024.113944	repository_linked_publication	PubMed identifier recorded in AllData.xlsx	AllData.xlsx	0.400	2026-07-18
SAID031	GSE210224	GSM6423816	Single cell gene expression profiling of CARD9 WT and R101C murine skin infected with Trichophyton rubrum	PMID_38489265	38489265	10.1016/j.celrep.2024.113944	repository_linked_publication	PubMed identifier recorded in AllData.xlsx	AllData.xlsx	0.400	2026-07-18
SAID032	GSE210224	GSM6423817	Single cell gene expression profiling of CARD9 WT and R101C murine skin infected with Trichophyton rubrum	PMID_38489265	38489265	10.1016/j.celrep.2024.113944	repository_linked_publication	PubMed identifier recorded in AllData.xlsx	AllData.xlsx	0.400	2026-07-18
SAID033	GSE210224	GSM6423818	Single cell gene expression profiling of CARD9 WT and R101C murine skin infected with Trichophyton rubrum	PMID_38489265	38489265	10.1016/j.celrep.2024.113944	repository_linked_publication	PubMed identifier recorded in AllData.xlsx	AllData.xlsx	0.400	2026-07-18
SAID034	GSE210224	GSM6423819	Single cell gene expression profiling of CARD9 WT and R101C murine skin infected with Trichophyton rubrum	PMID_38489265	38489265	10.1016/j.celrep.2024.113944	repository_linked_publication	PubMed identifier recorded in AllData.xlsx	AllData.xlsx	0.400	2026-07-18
SAID035	GSE210224	GSM6423820	Single cell gene expression profiling of CARD9 WT and R101C murine skin infected with Trichophyton rubrum	PMID_38489265	38489265	10.1016/j.celrep.2024.113944	repository_linked_publication	PubMed identifier recorded in AllData.xlsx	AllData.xlsx	0.400	2026-07-18
SAID036	GSE210224	GSM6423821	Single cell gene expression profiling of CARD9 WT and R101C murine skin infected with Trichophyton rubrum	PMID_38489265	38489265	10.1016/j.celrep.2024.113944	repository_linked_publication	PubMed identifier recorded in AllData.xlsx	AllData.xlsx	0.400	2026-07-18
SAID037	GSE210224	GSM6423822	Single cell gene expression profiling of CARD9 WT and R101C murine skin infected with Trichophyton rubrum	PMID_38489265	38489265	10.1016/j.celrep.2024.113944	repository_linked_publication	PubMed identifier recorded in AllData.xlsx	AllData.xlsx	0.400	2026-07-18
SAID025	GSE211279	GSM6460378	Molecular typing and functional profiling of acne-derived Cutibacterium acnes isolates reveal determinants of skin inflammation	PMID_37478901	37478901	10.1016/j.jid.2023.05.029	repository_linked_publication	PubMed identifier recorded in AllData.xlsx	AllData.xlsx	0.656	2026-07-18
SAID019	GSE211381	GSM6468127	"""Alk1 acts in non-endothelial VE-cadherin+ perineurial cells to maintain nerve branching during hair homeostasis"" and  ""Blood endothelial ALK1-BMP4 signaling axis regulates adult hair follicle stem cell activation"""	PMID_36994549	36994549	10.15252/embj.2022112196	repository_linked_publication	PubMed identifier recorded in AllData.xlsx	AllData.xlsx	0.618	2026-07-18
SAID020	GSE211381	GSM6468128	"""Alk1 acts in non-endothelial VE-cadherin+ perineurial cells to maintain nerve branching during hair homeostasis"" and  ""Blood endothelial ALK1-BMP4 signaling axis regulates adult hair follicle stem cell activation"""	PMID_36994549	36994549	10.15252/embj.2022112196	repository_linked_publication	PubMed identifier recorded in AllData.xlsx	AllData.xlsx	0.618	2026-07-18
SAID021	GSE211381	GSM6468129	"""Alk1 acts in non-endothelial VE-cadherin+ perineurial cells to maintain nerve branching during hair homeostasis"" and  ""Blood endothelial ALK1-BMP4 signaling axis regulates adult hair follicle stem cell activation"""	PMID_36994549	36994549	10.15252/embj.2022112196	repository_linked_publication	PubMed identifier recorded in AllData.xlsx	AllData.xlsx	0.618	2026-07-18
SAID022	GSE211381	GSM6468130	"""Alk1 acts in non-endothelial VE-cadherin+ perineurial cells to maintain nerve branching during hair homeostasis"" and  ""Blood endothelial ALK1-BMP4 signaling axis regulates adult hair follicle stem cell activation"""	PMID_36994549	36994549	10.15252/embj.2022112196	repository_linked_publication	PubMed identifier recorded in AllData.xlsx	AllData.xlsx	0.618	2026-07-18
SAID023	GSE211381	GSM6468131	"""Alk1 acts in non-endothelial VE-cadherin+ perineurial cells to maintain nerve branching during hair homeostasis"" and  ""Blood endothelial ALK1-BMP4 signaling axis regulates adult hair follicle stem cell activation"""	PMID_36994549	36994549	10.15252/embj.2022112196	repository_linked_publication	PubMed identifier recorded in AllData.xlsx	AllData.xlsx	0.618	2026-07-18
SAID024	GSE211381	GSM6468132	"""Alk1 acts in non-endothelial VE-cadherin+ perineurial cells to maintain nerve branching during hair homeostasis"" and  ""Blood endothelial ALK1-BMP4 signaling axis regulates adult hair follicle stem cell activation"""	PMID_36994549	36994549	10.15252/embj.2022112196	repository_linked_publication	PubMed identifier recorded in AllData.xlsx	AllData.xlsx	0.618	2026-07-18
SAID019	GSE211381	GSM6468127	"""Alk1 acts in non-endothelial VE-cadherin+ perineurial cells to maintain nerve branching during hair homeostasis"" and  ""Blood endothelial ALK1-BMP4 signaling axis regulates adult hair follicle stem cell activation"""	PMID_37699906	37699906	10.1038/s41467-023-40761-5	repository_linked_publication	PubMed identifier recorded in AllData.xlsx	AllData.xlsx	0.692	2026-07-18
SAID020	GSE211381	GSM6468128	"""Alk1 acts in non-endothelial VE-cadherin+ perineurial cells to maintain nerve branching during hair homeostasis"" and  ""Blood endothelial ALK1-BMP4 signaling axis regulates adult hair follicle stem cell activation"""	PMID_37699906	37699906	10.1038/s41467-023-40761-5	repository_linked_publication	PubMed identifier recorded in AllData.xlsx	AllData.xlsx	0.692	2026-07-18
SAID021	GSE211381	GSM6468129	"""Alk1 acts in non-endothelial VE-cadherin+ perineurial cells to maintain nerve branching during hair homeostasis"" and  ""Blood endothelial ALK1-BMP4 signaling axis regulates adult hair follicle stem cell activation"""	PMID_37699906	37699906	10.1038/s41467-023-40761-5	repository_linked_publication	PubMed identifier recorded in AllData.xlsx	AllData.xlsx	0.692	2026-07-18
SAID022	GSE211381	GSM6468130	"""Alk1 acts in non-endothelial VE-cadherin+ perineurial cells to maintain nerve branching during hair homeostasis"" and  ""Blood endothelial ALK1-BMP4 signaling axis regulates adult hair follicle stem cell activation"""	PMID_37699906	37699906	10.1038/s41467-023-40761-5	repository_linked_publication	PubMed identifier recorded in AllData.xlsx	AllData.xlsx	0.692	2026-07-18
SAID023	GSE211381	GSM6468131	"""Alk1 acts in non-endothelial VE-cadherin+ perineurial cells to maintain nerve branching during hair homeostasis"" and  ""Blood endothelial ALK1-BMP4 signaling axis regulates adult hair follicle stem cell activation"""	PMID_37699906	37699906	10.1038/s41467-023-40761-5	repository_linked_publication	PubMed identifier recorded in AllData.xlsx	AllData.xlsx	0.692	2026-07-18
SAID024	GSE211381	GSM6468132	"""Alk1 acts in non-endothelial VE-cadherin+ perineurial cells to maintain nerve branching during hair homeostasis"" and  ""Blood endothelial ALK1-BMP4 signaling axis regulates adult hair follicle stem cell activation"""	PMID_37699906	37699906	10.1038/s41467-023-40761-5	repository_linked_publication	PubMed identifier recorded in AllData.xlsx	AllData.xlsx	0.692	2026-07-18
SAID015	GSE211810	GSM6502671	scRNAseq dataset of PDGFRβ+ cells in fibrosing skin and kidney with or without ZFYVE9/SARA overexpression	PMID_36136606	36136606	10.1172/jci.insight.160977	repository_linked_publication	PubMed identifier recorded in AllData.xlsx	AllData.xlsx	0.351	2026-07-18
SAID016	GSE211810	GSM6502672	scRNAseq dataset of PDGFRβ+ cells in fibrosing skin and kidney with or without ZFYVE9/SARA overexpression	PMID_36136606	36136606	10.1172/jci.insight.160977	repository_linked_publication	PubMed identifier recorded in AllData.xlsx	AllData.xlsx	0.351	2026-07-18
SAID017	GSE211810	GSM6502673	scRNAseq dataset of PDGFRβ+ cells in fibrosing skin and kidney with or without ZFYVE9/SARA overexpression	PMID_36136606	36136606	10.1172/jci.insight.160977	repository_linked_publication	PubMed identifier recorded in AllData.xlsx	AllData.xlsx	0.351	2026-07-18
SAID018	GSE211810	GSM6502674	scRNAseq dataset of PDGFRβ+ cells in fibrosing skin and kidney with or without ZFYVE9/SARA overexpression	PMID_36136606	36136606	10.1172/jci.insight.160977	repository_linked_publication	PubMed identifier recorded in AllData.xlsx	AllData.xlsx	0.351	2026-07-18
SAID235	GSE212447	GSM6532919	Integrated single-cell chromatin and transcriptomic analyses of human scalp reveal etiological insights into genetic risk for hair and skin disease [scRNA-Seq]	PMID_37500727	37500727	10.1038/s41588-023-01445-4	primary_dataset_publication	PubMed identifier recorded in AllData.xlsx	AllData.xlsx	0.726	2026-07-18
SAID236	GSE212447	GSM6532920	Integrated single-cell chromatin and transcriptomic analyses of human scalp reveal etiological insights into genetic risk for hair and skin disease [scRNA-Seq]	PMID_37500727	37500727	10.1038/s41588-023-01445-4	primary_dataset_publication	PubMed identifier recorded in AllData.xlsx	AllData.xlsx	0.726	2026-07-18
SAID237	GSE212447	GSM6532921	Integrated single-cell chromatin and transcriptomic analyses of human scalp reveal etiological insights into genetic risk for hair and skin disease [scRNA-Seq]	PMID_37500727	37500727	10.1038/s41588-023-01445-4	primary_dataset_publication	PubMed identifier recorded in AllData.xlsx	AllData.xlsx	0.726	2026-07-18
SAID238	GSE212447	GSM6532922	Integrated single-cell chromatin and transcriptomic analyses of human scalp reveal etiological insights into genetic risk for hair and skin disease [scRNA-Seq]	PMID_37500727	37500727	10.1038/s41588-023-01445-4	primary_dataset_publication	PubMed identifier recorded in AllData.xlsx	AllData.xlsx	0.726	2026-07-18
SAID239	GSE212447	GSM6532923	Integrated single-cell chromatin and transcriptomic analyses of human scalp reveal etiological insights into genetic risk for hair and skin disease [scRNA-Seq]	PMID_37500727	37500727	10.1038/s41588-023-01445-4	primary_dataset_publication	PubMed identifier recorded in AllData.xlsx	AllData.xlsx	0.726	2026-07-18
SAID240	GSE212447	GSM6532924	Integrated single-cell chromatin and transcriptomic analyses of human scalp reveal etiological insights into genetic risk for hair and skin disease [scRNA-Seq]	PMID_37500727	37500727	10.1038/s41588-023-01445-4	primary_dataset_publication	PubMed identifier recorded in AllData.xlsx	AllData.xlsx	0.726	2026-07-18
SAID241	GSE212447	GSM6532925	Integrated single-cell chromatin and transcriptomic analyses of human scalp reveal etiological insights into genetic risk for hair and skin disease [scRNA-Seq]	PMID_37500727	37500727	10.1038/s41588-023-01445-4	primary_dataset_publication	PubMed identifier recorded in AllData.xlsx	AllData.xlsx	0.726	2026-07-18
SAID242	GSE212447	GSM6532926	Integrated single-cell chromatin and transcriptomic analyses of human scalp reveal etiological insights into genetic risk for hair and skin disease [scRNA-Seq]	PMID_37500727	37500727	10.1038/s41588-023-01445-4	primary_dataset_publication	PubMed identifier recorded in AllData.xlsx	AllData.xlsx	0.726	2026-07-18
SAID243	GSE212447	GSM6532927	Integrated single-cell chromatin and transcriptomic analyses of human scalp reveal etiological insights into genetic risk for hair and skin disease [scRNA-Seq]	PMID_37500727	37500727	10.1038/s41588-023-01445-4	primary_dataset_publication	PubMed identifier recorded in AllData.xlsx	AllData.xlsx	0.726	2026-07-18
SAID244	GSE212447	GSM6532928	Integrated single-cell chromatin and transcriptomic analyses of human scalp reveal etiological insights into genetic risk for hair and skin disease [scRNA-Seq]	PMID_37500727	37500727	10.1038/s41588-023-01445-4	primary_dataset_publication	PubMed identifier recorded in AllData.xlsx	AllData.xlsx	0.726	2026-07-18
SAID235	GSE212447	GSM6532919	Integrated single-cell chromatin and transcriptomic analyses of human scalp reveal etiological insights into genetic risk for hair and skin disease [scRNA-Seq]	PMID_40766141	40766141	10.1101/2025.07.25.25332168	repository_linked_publication	PubMed identifier recorded in AllData.xlsx	AllData.xlsx	0.289	2026-07-18
SAID236	GSE212447	GSM6532920	Integrated single-cell chromatin and transcriptomic analyses of human scalp reveal etiological insights into genetic risk for hair and skin disease [scRNA-Seq]	PMID_40766141	40766141	10.1101/2025.07.25.25332168	repository_linked_publication	PubMed identifier recorded in AllData.xlsx	AllData.xlsx	0.289	2026-07-18
SAID237	GSE212447	GSM6532921	Integrated single-cell chromatin and transcriptomic analyses of human scalp reveal etiological insights into genetic risk for hair and skin disease [scRNA-Seq]	PMID_40766141	40766141	10.1101/2025.07.25.25332168	repository_linked_publication	PubMed identifier recorded in AllData.xlsx	AllData.xlsx	0.289	2026-07-18
SAID238	GSE212447	GSM6532922	Integrated single-cell chromatin and transcriptomic analyses of human scalp reveal etiological insights into genetic risk for hair and skin disease [scRNA-Seq]	PMID_40766141	40766141	10.1101/2025.07.25.25332168	repository_linked_publication	PubMed identifier recorded in AllData.xlsx	AllData.xlsx	0.289	2026-07-18
SAID239	GSE212447	GSM6532923	Integrated single-cell chromatin and transcriptomic analyses of human scalp reveal etiological insights into genetic risk for hair and skin disease [scRNA-Seq]	PMID_40766141	40766141	10.1101/2025.07.25.25332168	repository_linked_publication	PubMed identifier recorded in AllData.xlsx	AllData.xlsx	0.289	2026-07-18
SAID240	GSE212447	GSM6532924	Integrated single-cell chromatin and transcriptomic analyses of human scalp reveal etiological insights into genetic risk for hair and skin disease [scRNA-Seq]	PMID_40766141	40766141	10.1101/2025.07.25.25332168	repository_linked_publication	PubMed identifier recorded in AllData.xlsx	AllData.xlsx	0.289	2026-07-18
SAID241	GSE212447	GSM6532925	Integrated single-cell chromatin and transcriptomic analyses of human scalp reveal etiological insights into genetic risk for hair and skin disease [scRNA-Seq]	PMID_40766141	40766141	10.1101/2025.07.25.25332168	repository_linked_publication	PubMed identifier recorded in AllData.xlsx	AllData.xlsx	0.289	2026-07-18
SAID242	GSE212447	GSM6532926	Integrated single-cell chromatin and transcriptomic analyses of human scalp reveal etiological insights into genetic risk for hair and skin disease [scRNA-Seq]	PMID_40766141	40766141	10.1101/2025.07.25.25332168	repository_linked_publication	PubMed identifier recorded in AllData.xlsx	AllData.xlsx	0.289	2026-07-18
SAID243	GSE212447	GSM6532927	Integrated single-cell chromatin and transcriptomic analyses of human scalp reveal etiological insights into genetic risk for hair and skin disease [scRNA-Seq]	PMID_40766141	40766141	10.1101/2025.07.25.25332168	repository_linked_publication	PubMed identifier recorded in AllData.xlsx	AllData.xlsx	0.289	2026-07-18
SAID244	GSE212447	GSM6532928	Integrated single-cell chromatin and transcriptomic analyses of human scalp reveal etiological insights into genetic risk for hair and skin disease [scRNA-Seq]	PMID_40766141	40766141	10.1101/2025.07.25.25332168	repository_linked_publication	PubMed identifier recorded in AllData.xlsx	AllData.xlsx	0.289	2026-07-18
SAID096	GSE212673	GSM6543169	Transcriptomic landscape of early hair follicle and epidermal development [scRNA-seq]	PMID_37318953	37318953	10.1016/j.celrep.2023.112643	primary_dataset_publication	PubMed identifier recorded in AllData.xlsx	AllData.xlsx	0.936	2026-07-18
SAID097	GSE212673	GSM6543170	Transcriptomic landscape of early hair follicle and epidermal development [scRNA-seq]	PMID_37318953	37318953	10.1016/j.celrep.2023.112643	primary_dataset_publication	PubMed identifier recorded in AllData.xlsx	AllData.xlsx	0.936	2026-07-18
SAID098	GSE212673	GSM6543171	Transcriptomic landscape of early hair follicle and epidermal development [scRNA-seq]	PMID_37318953	37318953	10.1016/j.celrep.2023.112643	primary_dataset_publication	PubMed identifier recorded in AllData.xlsx	AllData.xlsx	0.936	2026-07-18
SAID080	GSE213528	GSM6588784	ΔNp63 controls stemness and inflammation in the adult epidermis	PMID_37543242	37543242	10.1016/j.jid.2023.07.005	primary_dataset_publication	NCBI GEO links GSE213528 to this PubMed record.	study_publication_overrides.json		2026-07-18
SAID081	GSE213528	GSM6588785	ΔNp63 controls stemness and inflammation in the adult epidermis	PMID_37543242	37543242	10.1016/j.jid.2023.07.005	primary_dataset_publication	NCBI GEO links GSE213528 to this PubMed record.	study_publication_overrides.json		2026-07-18
SAID082	GSE213528	GSM6588786	ΔNp63 controls stemness and inflammation in the adult epidermis	PMID_37543242	37543242	10.1016/j.jid.2023.07.005	primary_dataset_publication	NCBI GEO links GSE213528 to this PubMed record.	study_publication_overrides.json		2026-07-18
SAID083	GSE213528	GSM6588787	ΔNp63 controls stemness and inflammation in the adult epidermis	PMID_37543242	37543242	10.1016/j.jid.2023.07.005	primary_dataset_publication	NCBI GEO links GSE213528 to this PubMed record.	study_publication_overrides.json		2026-07-18
SAID180	GSE213849	GSM6595205	Single-cell transcriptome analysis of CD3+ T lymphocytes from prurigo nodularis lesional skin reveals Th17 polarization	PMID_37263486	37263486	10.1016/j.jid.2023.05.011	repository_linked_publication	PubMed identifier recorded in AllData.xlsx	AllData.xlsx	0.550	2026-07-18
SAID181	GSE213849	GSM6595206	Single-cell transcriptome analysis of CD3+ T lymphocytes from prurigo nodularis lesional skin reveals Th17 polarization	PMID_37263486	37263486	10.1016/j.jid.2023.05.011	repository_linked_publication	PubMed identifier recorded in AllData.xlsx	AllData.xlsx	0.550	2026-07-18
SAID182	GSE213849	GSM6595208	Single-cell transcriptome analysis of CD3+ T lymphocytes from prurigo nodularis lesional skin reveals Th17 polarization	PMID_37263486	37263486	10.1016/j.jid.2023.05.011	repository_linked_publication	PubMed identifier recorded in AllData.xlsx	AllData.xlsx	0.550	2026-07-18
SAID183	GSE213849	GSM6595209	Single-cell transcriptome analysis of CD3+ T lymphocytes from prurigo nodularis lesional skin reveals Th17 polarization	PMID_37263486	37263486	10.1016/j.jid.2023.05.011	repository_linked_publication	PubMed identifier recorded in AllData.xlsx	AllData.xlsx	0.550	2026-07-18
SAID184	GSE213849	GSM6595210	Single-cell transcriptome analysis of CD3+ T lymphocytes from prurigo nodularis lesional skin reveals Th17 polarization	PMID_37263486	37263486	10.1016/j.jid.2023.05.011	repository_linked_publication	PubMed identifier recorded in AllData.xlsx	AllData.xlsx	0.550	2026-07-18
SAID185	GSE213849	GSM6595211	Single-cell transcriptome analysis of CD3+ T lymphocytes from prurigo nodularis lesional skin reveals Th17 polarization	PMID_37263486	37263486	10.1016/j.jid.2023.05.011	repository_linked_publication	PubMed identifier recorded in AllData.xlsx	AllData.xlsx	0.550	2026-07-18
SAID186	GSE213849	GSM6595212	Single-cell transcriptome analysis of CD3+ T lymphocytes from prurigo nodularis lesional skin reveals Th17 polarization	PMID_37263486	37263486	10.1016/j.jid.2023.05.011	repository_linked_publication	PubMed identifier recorded in AllData.xlsx	AllData.xlsx	0.550	2026-07-18
SAID187	GSE213849	GSM6595215	Single-cell transcriptome analysis of CD3+ T lymphocytes from prurigo nodularis lesional skin reveals Th17 polarization	PMID_37263486	37263486	10.1016/j.jid.2023.05.011	repository_linked_publication	PubMed identifier recorded in AllData.xlsx	AllData.xlsx	0.550	2026-07-18
SAID188	GSE213849	GSM6595217	Single-cell transcriptome analysis of CD3+ T lymphocytes from prurigo nodularis lesional skin reveals Th17 polarization	PMID_37263486	37263486	10.1016/j.jid.2023.05.011	repository_linked_publication	PubMed identifier recorded in AllData.xlsx	AllData.xlsx	0.550	2026-07-18
SAID189	GSE213849	GSM6595218	Single-cell transcriptome analysis of CD3+ T lymphocytes from prurigo nodularis lesional skin reveals Th17 polarization	PMID_37263486	37263486	10.1016/j.jid.2023.05.011	repository_linked_publication	PubMed identifier recorded in AllData.xlsx	AllData.xlsx	0.550	2026-07-18
SAID190	GSE213849	GSM6595219	Single-cell transcriptome analysis of CD3+ T lymphocytes from prurigo nodularis lesional skin reveals Th17 polarization	PMID_37263486	37263486	10.1016/j.jid.2023.05.011	repository_linked_publication	PubMed identifier recorded in AllData.xlsx	AllData.xlsx	0.550	2026-07-18
SAID191	GSE213849	GSM6595220	Single-cell transcriptome analysis of CD3+ T lymphocytes from prurigo nodularis lesional skin reveals Th17 polarization	PMID_37263486	37263486	10.1016/j.jid.2023.05.011	repository_linked_publication	PubMed identifier recorded in AllData.xlsx	AllData.xlsx	0.550	2026-07-18
SAID014	GSE223660	GSM6970228	Apoptosis recognition receptors regulate skin tissue repair in mice	PMID_38127424	38127424	10.7554/eLife.86269	primary_dataset_publication	PubMed identifier recorded in AllData.xlsx	AllData.xlsx	1.000	2026-07-18
SAID010	GSE230512	GSM7225686	IL-17 activates dermal reticular fibroblasts to promote neutrophil recruitment and host defense [scRNAseq]	PMID_38393304	38393304	10.1084/jem.20231425	primary_dataset_publication	The article reports the experiment represented by GSE230512/GSE230513.	study_publication_overrides.json		2026-07-18
SAID011	GSE230512	GSM7225687	IL-17 activates dermal reticular fibroblasts to promote neutrophil recruitment and host defense [scRNAseq]	PMID_38393304	38393304	10.1084/jem.20231425	primary_dataset_publication	The article reports the experiment represented by GSE230512/GSE230513.	study_publication_overrides.json		2026-07-18
SAID012	GSE230512	GSM7225688	IL-17 activates dermal reticular fibroblasts to promote neutrophil recruitment and host defense [scRNAseq]	PMID_38393304	38393304	10.1084/jem.20231425	primary_dataset_publication	The article reports the experiment represented by GSE230512/GSE230513.	study_publication_overrides.json		2026-07-18
SAID013	GSE230512	GSM7225689	IL-17 activates dermal reticular fibroblasts to promote neutrophil recruitment and host defense [scRNAseq]	PMID_38393304	38393304	10.1084/jem.20231425	primary_dataset_publication	The article reports the experiment represented by GSE230512/GSE230513.	study_publication_overrides.json		2026-07-18
SAID192	GSE233137	GSM7401927	Gene expression profile at single cell level of cultured normal human epidermal melanocytes (NHEMs) [NHEM_FSK_scRNA]	PMID_39163475	39163475	10.1371/journal.pbio.3002776	repository_linked_publication	PubMed identifier recorded in AllData.xlsx	AllData.xlsx	0.272	2026-07-18
SAID193	GSE233137	GSM7401928	Gene expression profile at single cell level of cultured normal human epidermal melanocytes (NHEMs) [NHEM_FSK_scRNA]	PMID_39163475	39163475	10.1371/journal.pbio.3002776	repository_linked_publication	PubMed identifier recorded in AllData.xlsx	AllData.xlsx	0.272	2026-07-18
SAID008	GSE234269	GSM7461430	Novel integrated multiomics analysis reveals Itgbl1-mediated regulation of fibrogenesis through antagonism of Tgfβ1 and IL1β signaling. (single cell RNA-Seq)	PMID_39558136	39558136	10.1038/s44319-024-00322-3	repository_linked_publication	PubMed identifier recorded in AllData.xlsx	AllData.xlsx	0.520	2026-07-18
SAID009	GSE234269	GSM7461431	Novel integrated multiomics analysis reveals Itgbl1-mediated regulation of fibrogenesis through antagonism of Tgfβ1 and IL1β signaling. (single cell RNA-Seq)	PMID_39558136	39558136	10.1038/s44319-024-00322-3	repository_linked_publication	PubMed identifier recorded in AllData.xlsx	AllData.xlsx	0.520	2026-07-18
SAID086	GSE236918	GSM7585467	Loss of MC1R signaling implicates TBX3 in pheomelanogenesis and melanoma predisposition [scRNA-seq]	PMID_37972124	37972124	10.1111/pcmr.13141	repository_linked_publication	PubMed identifier recorded in AllData.xlsx	AllData.xlsx	0.365	2026-07-18
SAID087	GSE236918	GSM7585468	Loss of MC1R signaling implicates TBX3 in pheomelanogenesis and melanoma predisposition [scRNA-seq]	PMID_37972124	37972124	10.1111/pcmr.13141	repository_linked_publication	PubMed identifier recorded in AllData.xlsx	AllData.xlsx	0.365	2026-07-18
SAID088	GSE236918	GSM7585469	Loss of MC1R signaling implicates TBX3 in pheomelanogenesis and melanoma predisposition [scRNA-seq]	PMID_37972124	37972124	10.1111/pcmr.13141	repository_linked_publication	PubMed identifier recorded in AllData.xlsx	AllData.xlsx	0.365	2026-07-18
SAID089	GSE236918	GSM7585470	Loss of MC1R signaling implicates TBX3 in pheomelanogenesis and melanoma predisposition [scRNA-seq]	PMID_37972124	37972124	10.1111/pcmr.13141	repository_linked_publication	PubMed identifier recorded in AllData.xlsx	AllData.xlsx	0.365	2026-07-18
SAID166	GSE237754	GSM7648532	Transcriptome network analysis of inflammation and fibrosis in keloids [scRNA-seq]	PMID_38242738	38242738	10.1016/j.jdermsci.2023.12.007	primary_dataset_publication	The article title and experiment description match GSE237754.	study_publication_overrides.json		2026-07-18
SAID167	GSE237754	GSM7648533	Transcriptome network analysis of inflammation and fibrosis in keloids [scRNA-seq]	PMID_38242738	38242738	10.1016/j.jdermsci.2023.12.007	primary_dataset_publication	The article title and experiment description match GSE237754.	study_publication_overrides.json		2026-07-18
SAID136	GSE242477	GSM7764406	Single-cell profiling of acral melanoma infiltrating lymphocytes reveals a suppressive tumor microenvironment	PMID_39630887	39630887	10.1126/scitranslmed.adk8832	primary_dataset_publication	PubMed identifier recorded in AllData.xlsx	AllData.xlsx	1.000	2026-07-18
SAID137	GSE242477	GSM7764408	Single-cell profiling of acral melanoma infiltrating lymphocytes reveals a suppressive tumor microenvironment	PMID_39630887	39630887	10.1126/scitranslmed.adk8832	primary_dataset_publication	PubMed identifier recorded in AllData.xlsx	AllData.xlsx	1.000	2026-07-18
SAID138	GSE242477	GSM7764410	Single-cell profiling of acral melanoma infiltrating lymphocytes reveals a suppressive tumor microenvironment	PMID_39630887	39630887	10.1126/scitranslmed.adk8832	primary_dataset_publication	PubMed identifier recorded in AllData.xlsx	AllData.xlsx	1.000	2026-07-18
SAID139	GSE242477	GSM7764411	Single-cell profiling of acral melanoma infiltrating lymphocytes reveals a suppressive tumor microenvironment	PMID_39630887	39630887	10.1126/scitranslmed.adk8832	primary_dataset_publication	PubMed identifier recorded in AllData.xlsx	AllData.xlsx	1.000	2026-07-18
SAID140	GSE242477	GSM7764412	Single-cell profiling of acral melanoma infiltrating lymphocytes reveals a suppressive tumor microenvironment	PMID_39630887	39630887	10.1126/scitranslmed.adk8832	primary_dataset_publication	PubMed identifier recorded in AllData.xlsx	AllData.xlsx	1.000	2026-07-18
SAID136	GSE242477	GSM7764406	Single-cell profiling of acral melanoma infiltrating lymphocytes reveals a suppressive tumor microenvironment	PMID_40631515	40631515	10.1080/2162402X.2025.2528110	repository_linked_publication	PubMed identifier recorded in AllData.xlsx	AllData.xlsx	0.167	2026-07-18
SAID137	GSE242477	GSM7764408	Single-cell profiling of acral melanoma infiltrating lymphocytes reveals a suppressive tumor microenvironment	PMID_40631515	40631515	10.1080/2162402X.2025.2528110	repository_linked_publication	PubMed identifier recorded in AllData.xlsx	AllData.xlsx	0.167	2026-07-18
SAID138	GSE242477	GSM7764410	Single-cell profiling of acral melanoma infiltrating lymphocytes reveals a suppressive tumor microenvironment	PMID_40631515	40631515	10.1080/2162402X.2025.2528110	repository_linked_publication	PubMed identifier recorded in AllData.xlsx	AllData.xlsx	0.167	2026-07-18
SAID139	GSE242477	GSM7764411	Single-cell profiling of acral melanoma infiltrating lymphocytes reveals a suppressive tumor microenvironment	PMID_40631515	40631515	10.1080/2162402X.2025.2528110	repository_linked_publication	PubMed identifier recorded in AllData.xlsx	AllData.xlsx	0.167	2026-07-18
SAID140	GSE242477	GSM7764412	Single-cell profiling of acral melanoma infiltrating lymphocytes reveals a suppressive tumor microenvironment	PMID_40631515	40631515	10.1080/2162402X.2025.2528110	repository_linked_publication	PubMed identifier recorded in AllData.xlsx	AllData.xlsx	0.167	2026-07-18
SAID168	GSE245859	GSM7849998	Treatment with cultured epidermal autograft from revertant skin for epidermolytic ichthyosis	PMID_38739763	38739763	10.1093/bjd/ljae193	repository_linked_publication	PubMed identifier recorded in AllData.xlsx	AllData.xlsx	0.306	2026-07-18
SAID169	GSE245859	GSM7849999	Treatment with cultured epidermal autograft from revertant skin for epidermolytic ichthyosis	PMID_38739763	38739763	10.1093/bjd/ljae193	repository_linked_publication	PubMed identifier recorded in AllData.xlsx	AllData.xlsx	0.306	2026-07-18
SAID170	GSE248121	GSM7906167	The Characteristics of cell in Psoriatic Resolved Lesions Revealed and Onsite Recurrent by Single-cell Transcriptome	PMID_39067676	39067676	10.1016/j.clim.2024.110328	repository_linked_publication	PubMed identifier recorded in AllData.xlsx	AllData.xlsx	0.416	2026-07-18
SAID171	GSE248121	GSM7906168	The Characteristics of cell in Psoriatic Resolved Lesions Revealed and Onsite Recurrent by Single-cell Transcriptome	PMID_39067676	39067676	10.1016/j.clim.2024.110328	repository_linked_publication	PubMed identifier recorded in AllData.xlsx	AllData.xlsx	0.416	2026-07-18
SAID172	GSE248121	GSM7906169	The Characteristics of cell in Psoriatic Resolved Lesions Revealed and Onsite Recurrent by Single-cell Transcriptome	PMID_39067676	39067676	10.1016/j.clim.2024.110328	repository_linked_publication	PubMed identifier recorded in AllData.xlsx	AllData.xlsx	0.416	2026-07-18
SAID173	GSE248121	GSM7906170	The Characteristics of cell in Psoriatic Resolved Lesions Revealed and Onsite Recurrent by Single-cell Transcriptome	PMID_39067676	39067676	10.1016/j.clim.2024.110328	repository_linked_publication	PubMed identifier recorded in AllData.xlsx	AllData.xlsx	0.416	2026-07-18
SAID174	GSE248121	GSM7906171	The Characteristics of cell in Psoriatic Resolved Lesions Revealed and Onsite Recurrent by Single-cell Transcriptome	PMID_39067676	39067676	10.1016/j.clim.2024.110328	repository_linked_publication	PubMed identifier recorded in AllData.xlsx	AllData.xlsx	0.416	2026-07-18
SAID175	GSE248121	GSM7906172	The Characteristics of cell in Psoriatic Resolved Lesions Revealed and Onsite Recurrent by Single-cell Transcriptome	PMID_39067676	39067676	10.1016/j.clim.2024.110328	repository_linked_publication	PubMed identifier recorded in AllData.xlsx	AllData.xlsx	0.416	2026-07-18
SAID176	GSE248121	GSM7906173	The Characteristics of cell in Psoriatic Resolved Lesions Revealed and Onsite Recurrent by Single-cell Transcriptome	PMID_39067676	39067676	10.1016/j.clim.2024.110328	repository_linked_publication	PubMed identifier recorded in AllData.xlsx	AllData.xlsx	0.416	2026-07-18
SAID177	GSE248121	GSM7906174	The Characteristics of cell in Psoriatic Resolved Lesions Revealed and Onsite Recurrent by Single-cell Transcriptome	PMID_39067676	39067676	10.1016/j.clim.2024.110328	repository_linked_publication	PubMed identifier recorded in AllData.xlsx	AllData.xlsx	0.416	2026-07-18
SAID178	GSE248121	GSM7906175	The Characteristics of cell in Psoriatic Resolved Lesions Revealed and Onsite Recurrent by Single-cell Transcriptome	PMID_39067676	39067676	10.1016/j.clim.2024.110328	repository_linked_publication	PubMed identifier recorded in AllData.xlsx	AllData.xlsx	0.416	2026-07-18
SAID179	GSE248121	GSM7906176	The Characteristics of cell in Psoriatic Resolved Lesions Revealed and Onsite Recurrent by Single-cell Transcriptome	PMID_39067676	39067676	10.1016/j.clim.2024.110328	repository_linked_publication	PubMed identifier recorded in AllData.xlsx	AllData.xlsx	0.416	2026-07-18
SAID141	GSE249622	GSM7951925	scRNASeq Data of CD4 Tregs and Teffectors in HS lesional skin and healthy skin	PMID_38113104	38113104	10.1172/jci.insight.169870	repository_linked_publication	PubMed identifier recorded in AllData.xlsx	AllData.xlsx	0.310	2026-07-18
SAID142	GSE249622	GSM7951926	scRNASeq Data of CD4 Tregs and Teffectors in HS lesional skin and healthy skin	PMID_38113104	38113104	10.1172/jci.insight.169870	repository_linked_publication	PubMed identifier recorded in AllData.xlsx	AllData.xlsx	0.310	2026-07-18
SAID143	GSE249622	GSM7951927	scRNASeq Data of CD4 Tregs and Teffectors in HS lesional skin and healthy skin	PMID_38113104	38113104	10.1172/jci.insight.169870	repository_linked_publication	PubMed identifier recorded in AllData.xlsx	AllData.xlsx	0.310	2026-07-18
SAID144	GSE249622	GSM7951930	scRNASeq Data of CD4 Tregs and Teffectors in HS lesional skin and healthy skin	PMID_38113104	38113104	10.1172/jci.insight.169870	repository_linked_publication	PubMed identifier recorded in AllData.xlsx	AllData.xlsx	0.310	2026-07-18
SAID145	GSE249622	GSM7951931	scRNASeq Data of CD4 Tregs and Teffectors in HS lesional skin and healthy skin	PMID_38113104	38113104	10.1172/jci.insight.169870	repository_linked_publication	PubMed identifier recorded in AllData.xlsx	AllData.xlsx	0.310	2026-07-18
SAID146	GSE249622	GSM7951932	scRNASeq Data of CD4 Tregs and Teffectors in HS lesional skin and healthy skin	PMID_38113104	38113104	10.1172/jci.insight.169870	repository_linked_publication	PubMed identifier recorded in AllData.xlsx	AllData.xlsx	0.310	2026-07-18
SAID147	GSE249622	GSM7951934	scRNASeq Data of CD4 Tregs and Teffectors in HS lesional skin and healthy skin	PMID_38113104	38113104	10.1172/jci.insight.169870	repository_linked_publication	PubMed identifier recorded in AllData.xlsx	AllData.xlsx	0.310	2026-07-18
SAID148	GSE249622	GSM7951935	scRNASeq Data of CD4 Tregs and Teffectors in HS lesional skin and healthy skin	PMID_38113104	38113104	10.1172/jci.insight.169870	repository_linked_publication	PubMed identifier recorded in AllData.xlsx	AllData.xlsx	0.310	2026-07-18
SAID149	GSE249622	GSM7951936	scRNASeq Data of CD4 Tregs and Teffectors in HS lesional skin and healthy skin	PMID_38113104	38113104	10.1172/jci.insight.169870	repository_linked_publication	PubMed identifier recorded in AllData.xlsx	AllData.xlsx	0.310	2026-07-18
SAID150	GSE249622	GSM7951937	scRNASeq Data of CD4 Tregs and Teffectors in HS lesional skin and healthy skin	PMID_38113104	38113104	10.1172/jci.insight.169870	repository_linked_publication	PubMed identifier recorded in AllData.xlsx	AllData.xlsx	0.310	2026-07-18
SAID151	GSE249622	GSM7951938	scRNASeq Data of CD4 Tregs and Teffectors in HS lesional skin and healthy skin	PMID_38113104	38113104	10.1172/jci.insight.169870	repository_linked_publication	PubMed identifier recorded in AllData.xlsx	AllData.xlsx	0.310	2026-07-18
SAID141	GSE249622	GSM7951925	scRNASeq Data of CD4 Tregs and Teffectors in HS lesional skin and healthy skin	PMID_40690378	40690378	10.7554/eLife.105277	repository_linked_publication	PubMed identifier recorded in AllData.xlsx	AllData.xlsx	0.324	2026-07-18
SAID142	GSE249622	GSM7951926	scRNASeq Data of CD4 Tregs and Teffectors in HS lesional skin and healthy skin	PMID_40690378	40690378	10.7554/eLife.105277	repository_linked_publication	PubMed identifier recorded in AllData.xlsx	AllData.xlsx	0.324	2026-07-18
SAID143	GSE249622	GSM7951927	scRNASeq Data of CD4 Tregs and Teffectors in HS lesional skin and healthy skin	PMID_40690378	40690378	10.7554/eLife.105277	repository_linked_publication	PubMed identifier recorded in AllData.xlsx	AllData.xlsx	0.324	2026-07-18
SAID144	GSE249622	GSM7951930	scRNASeq Data of CD4 Tregs and Teffectors in HS lesional skin and healthy skin	PMID_40690378	40690378	10.7554/eLife.105277	repository_linked_publication	PubMed identifier recorded in AllData.xlsx	AllData.xlsx	0.324	2026-07-18
SAID145	GSE249622	GSM7951931	scRNASeq Data of CD4 Tregs and Teffectors in HS lesional skin and healthy skin	PMID_40690378	40690378	10.7554/eLife.105277	repository_linked_publication	PubMed identifier recorded in AllData.xlsx	AllData.xlsx	0.324	2026-07-18
SAID146	GSE249622	GSM7951932	scRNASeq Data of CD4 Tregs and Teffectors in HS lesional skin and healthy skin	PMID_40690378	40690378	10.7554/eLife.105277	repository_linked_publication	PubMed identifier recorded in AllData.xlsx	AllData.xlsx	0.324	2026-07-18
SAID147	GSE249622	GSM7951934	scRNASeq Data of CD4 Tregs and Teffectors in HS lesional skin and healthy skin	PMID_40690378	40690378	10.7554/eLife.105277	repository_linked_publication	PubMed identifier recorded in AllData.xlsx	AllData.xlsx	0.324	2026-07-18
SAID148	GSE249622	GSM7951935	scRNASeq Data of CD4 Tregs and Teffectors in HS lesional skin and healthy skin	PMID_40690378	40690378	10.7554/eLife.105277	repository_linked_publication	PubMed identifier recorded in AllData.xlsx	AllData.xlsx	0.324	2026-07-18
SAID149	GSE249622	GSM7951936	scRNASeq Data of CD4 Tregs and Teffectors in HS lesional skin and healthy skin	PMID_40690378	40690378	10.7554/eLife.105277	repository_linked_publication	PubMed identifier recorded in AllData.xlsx	AllData.xlsx	0.324	2026-07-18
SAID150	GSE249622	GSM7951937	scRNASeq Data of CD4 Tregs and Teffectors in HS lesional skin and healthy skin	PMID_40690378	40690378	10.7554/eLife.105277	repository_linked_publication	PubMed identifier recorded in AllData.xlsx	AllData.xlsx	0.324	2026-07-18
SAID151	GSE249622	GSM7951938	scRNASeq Data of CD4 Tregs and Teffectors in HS lesional skin and healthy skin	PMID_40690378	40690378	10.7554/eLife.105277	repository_linked_publication	PubMed identifier recorded in AllData.xlsx	AllData.xlsx	0.324	2026-07-18
SAID120	GSE249793	GSM7964420	scRNASeq Data of CD3 Negative Immune Cells in HS lesional skin, healthy skin, and matched blood	PMID_38113104	38113104	10.1172/jci.insight.169870	repository_linked_publication	PubMed identifier recorded in AllData.xlsx	AllData.xlsx	0.295	2026-07-18
SAID121	GSE249793	GSM7964422	scRNASeq Data of CD3 Negative Immune Cells in HS lesional skin, healthy skin, and matched blood	PMID_38113104	38113104	10.1172/jci.insight.169870	repository_linked_publication	PubMed identifier recorded in AllData.xlsx	AllData.xlsx	0.295	2026-07-18
SAID122	GSE249793	GSM7964423	scRNASeq Data of CD3 Negative Immune Cells in HS lesional skin, healthy skin, and matched blood	PMID_38113104	38113104	10.1172/jci.insight.169870	repository_linked_publication	PubMed identifier recorded in AllData.xlsx	AllData.xlsx	0.295	2026-07-18
SAID123	GSE249793	GSM7964424	scRNASeq Data of CD3 Negative Immune Cells in HS lesional skin, healthy skin, and matched blood	PMID_38113104	38113104	10.1172/jci.insight.169870	repository_linked_publication	PubMed identifier recorded in AllData.xlsx	AllData.xlsx	0.295	2026-07-18
SAID120	GSE249793	GSM7964420	scRNASeq Data of CD3 Negative Immune Cells in HS lesional skin, healthy skin, and matched blood	PMID_40690378	40690378	10.7554/eLife.105277	repository_linked_publication	PubMed identifier recorded in AllData.xlsx	AllData.xlsx	0.268	2026-07-18
SAID121	GSE249793	GSM7964422	scRNASeq Data of CD3 Negative Immune Cells in HS lesional skin, healthy skin, and matched blood	PMID_40690378	40690378	10.7554/eLife.105277	repository_linked_publication	PubMed identifier recorded in AllData.xlsx	AllData.xlsx	0.268	2026-07-18
SAID122	GSE249793	GSM7964423	scRNASeq Data of CD3 Negative Immune Cells in HS lesional skin, healthy skin, and matched blood	PMID_40690378	40690378	10.7554/eLife.105277	repository_linked_publication	PubMed identifier recorded in AllData.xlsx	AllData.xlsx	0.268	2026-07-18
SAID123	GSE249793	GSM7964424	scRNASeq Data of CD3 Negative Immune Cells in HS lesional skin, healthy skin, and matched blood	PMID_40690378	40690378	10.7554/eLife.105277	repository_linked_publication	PubMed identifier recorded in AllData.xlsx	AllData.xlsx	0.268	2026-07-18
SAID004	GSE261227	GSM8138118	Molecular heterogeneity of quiescent melanocyte stem cells revealed by single-cell RNA-sequencing.	PMID_38187565	38187565	10.1101/2023.12.19.571712	preprint	Preprint version of PMID 38613320.	study_publication_overrides.json		2026-07-18
SAID005	GSE261227	GSM8138119	Molecular heterogeneity of quiescent melanocyte stem cells revealed by single-cell RNA-sequencing.	PMID_38187565	38187565	10.1101/2023.12.19.571712	preprint	Preprint version of PMID 38613320.	study_publication_overrides.json		2026-07-18
SAID006	GSE261227	GSM8138120	Molecular heterogeneity of quiescent melanocyte stem cells revealed by single-cell RNA-sequencing.	PMID_38187565	38187565	10.1101/2023.12.19.571712	preprint	Preprint version of PMID 38613320.	study_publication_overrides.json		2026-07-18
SAID007	GSE261227	GSM8138121	Molecular heterogeneity of quiescent melanocyte stem cells revealed by single-cell RNA-sequencing.	PMID_38187565	38187565	10.1101/2023.12.19.571712	preprint	Preprint version of PMID 38613320.	study_publication_overrides.json		2026-07-18
SAID004	GSE261227	GSM8138118	Molecular heterogeneity of quiescent melanocyte stem cells revealed by single-cell RNA-sequencing.	PMID_38613320	38613320	10.1111/pcmr.13169	primary_dataset_publication	The article data-availability statement names GSE261227.	study_publication_overrides.json		2026-07-18
SAID005	GSE261227	GSM8138119	Molecular heterogeneity of quiescent melanocyte stem cells revealed by single-cell RNA-sequencing.	PMID_38613320	38613320	10.1111/pcmr.13169	primary_dataset_publication	The article data-availability statement names GSE261227.	study_publication_overrides.json		2026-07-18
SAID006	GSE261227	GSM8138120	Molecular heterogeneity of quiescent melanocyte stem cells revealed by single-cell RNA-sequencing.	PMID_38613320	38613320	10.1111/pcmr.13169	primary_dataset_publication	The article data-availability statement names GSE261227.	study_publication_overrides.json		2026-07-18
SAID007	GSE261227	GSM8138121	Molecular heterogeneity of quiescent melanocyte stem cells revealed by single-cell RNA-sequencing.	PMID_38613320	38613320	10.1111/pcmr.13169	primary_dataset_publication	The article data-availability statement names GSE261227.	study_publication_overrides.json		2026-07-18
SAID058	GSE261766	GSM8150922	Stem-cell states converge in multi-stage cutaneous squamous cell carcinoma development [scRNA-seq]	PMID_38815020	38815020	10.1126/science.adi7453	primary_dataset_publication	The article data-availability statement names GSE261766.	study_publication_overrides.json		2026-07-18
SAID059	GSE261766	GSM8150923	Stem-cell states converge in multi-stage cutaneous squamous cell carcinoma development [scRNA-seq]	PMID_38815020	38815020	10.1126/science.adi7453	primary_dataset_publication	The article data-availability statement names GSE261766.	study_publication_overrides.json		2026-07-18
SAID060	GSE261766	GSM8150924	Stem-cell states converge in multi-stage cutaneous squamous cell carcinoma development [scRNA-seq]	PMID_38815020	38815020	10.1126/science.adi7453	primary_dataset_publication	The article data-availability statement names GSE261766.	study_publication_overrides.json		2026-07-18
SAID061	GSE261766	GSM8150925	Stem-cell states converge in multi-stage cutaneous squamous cell carcinoma development [scRNA-seq]	PMID_38815020	38815020	10.1126/science.adi7453	primary_dataset_publication	The article data-availability statement names GSE261766.	study_publication_overrides.json		2026-07-18
SAID062	GSE261766	GSM8150926	Stem-cell states converge in multi-stage cutaneous squamous cell carcinoma development [scRNA-seq]	PMID_38815020	38815020	10.1126/science.adi7453	primary_dataset_publication	The article data-availability statement names GSE261766.	study_publication_overrides.json		2026-07-18
SAID063	GSE261766	GSM8150927	Stem-cell states converge in multi-stage cutaneous squamous cell carcinoma development [scRNA-seq]	PMID_38815020	38815020	10.1126/science.adi7453	primary_dataset_publication	The article data-availability statement names GSE261766.	study_publication_overrides.json		2026-07-18
SAID064	GSE261766	GSM8150928	Stem-cell states converge in multi-stage cutaneous squamous cell carcinoma development [scRNA-seq]	PMID_38815020	38815020	10.1126/science.adi7453	primary_dataset_publication	The article data-availability statement names GSE261766.	study_publication_overrides.json		2026-07-18
SAID065	GSE261766	GSM8150929	Stem-cell states converge in multi-stage cutaneous squamous cell carcinoma development [scRNA-seq]	PMID_38815020	38815020	10.1126/science.adi7453	primary_dataset_publication	The article data-availability statement names GSE261766.	study_publication_overrides.json		2026-07-18
SAID066	GSE261766	GSM8150930	Stem-cell states converge in multi-stage cutaneous squamous cell carcinoma development [scRNA-seq]	PMID_38815020	38815020	10.1126/science.adi7453	primary_dataset_publication	The article data-availability statement names GSE261766.	study_publication_overrides.json		2026-07-18
SAID067	GSE261766	GSM8150931	Stem-cell states converge in multi-stage cutaneous squamous cell carcinoma development [scRNA-seq]	PMID_38815020	38815020	10.1126/science.adi7453	primary_dataset_publication	The article data-availability statement names GSE261766.	study_publication_overrides.json		2026-07-18
SAID068	GSE261766	GSM8150932	Stem-cell states converge in multi-stage cutaneous squamous cell carcinoma development [scRNA-seq]	PMID_38815020	38815020	10.1126/science.adi7453	primary_dataset_publication	The article data-availability statement names GSE261766.	study_publication_overrides.json		2026-07-18
SAID069	GSE261766	GSM8150933	Stem-cell states converge in multi-stage cutaneous squamous cell carcinoma development [scRNA-seq]	PMID_38815020	38815020	10.1126/science.adi7453	primary_dataset_publication	The article data-availability statement names GSE261766.	study_publication_overrides.json		2026-07-18
SAID070	GSE261766	GSM8150934	Stem-cell states converge in multi-stage cutaneous squamous cell carcinoma development [scRNA-seq]	PMID_38815020	38815020	10.1126/science.adi7453	primary_dataset_publication	The article data-availability statement names GSE261766.	study_publication_overrides.json		2026-07-18
SAID071	GSE261766	GSM8150935	Stem-cell states converge in multi-stage cutaneous squamous cell carcinoma development [scRNA-seq]	PMID_38815020	38815020	10.1126/science.adi7453	primary_dataset_publication	The article data-availability statement names GSE261766.	study_publication_overrides.json		2026-07-18
SAID072	GSE261766	GSM8150936	Stem-cell states converge in multi-stage cutaneous squamous cell carcinoma development [scRNA-seq]	PMID_38815020	38815020	10.1126/science.adi7453	primary_dataset_publication	The article data-availability statement names GSE261766.	study_publication_overrides.json		2026-07-18
SAID073	GSE261766	GSM8150937	Stem-cell states converge in multi-stage cutaneous squamous cell carcinoma development [scRNA-seq]	PMID_38815020	38815020	10.1126/science.adi7453	primary_dataset_publication	The article data-availability statement names GSE261766.	study_publication_overrides.json		2026-07-18
SAID074	GSE261766	GSM8150938	Stem-cell states converge in multi-stage cutaneous squamous cell carcinoma development [scRNA-seq]	PMID_38815020	38815020	10.1126/science.adi7453	primary_dataset_publication	The article data-availability statement names GSE261766.	study_publication_overrides.json		2026-07-18
SAID075	GSE261766	GSM8150940	Stem-cell states converge in multi-stage cutaneous squamous cell carcinoma development [scRNA-seq]	PMID_38815020	38815020	10.1126/science.adi7453	primary_dataset_publication	The article data-availability statement names GSE261766.	study_publication_overrides.json		2026-07-18
SAID076	GSE261766	GSM8150941	Stem-cell states converge in multi-stage cutaneous squamous cell carcinoma development [scRNA-seq]	PMID_38815020	38815020	10.1126/science.adi7453	primary_dataset_publication	The article data-availability statement names GSE261766.	study_publication_overrides.json		2026-07-18
SAID077	GSE261766	GSM8150944	Stem-cell states converge in multi-stage cutaneous squamous cell carcinoma development [scRNA-seq]	PMID_38815020	38815020	10.1126/science.adi7453	primary_dataset_publication	The article data-availability statement names GSE261766.	study_publication_overrides.json		2026-07-18
SAID078	GSE261766	GSM8150946	Stem-cell states converge in multi-stage cutaneous squamous cell carcinoma development [scRNA-seq]	PMID_38815020	38815020	10.1126/science.adi7453	primary_dataset_publication	The article data-availability statement names GSE261766.	study_publication_overrides.json		2026-07-18
SAID079	GSE261766	GSM8150947	Stem-cell states converge in multi-stage cutaneous squamous cell carcinoma development [scRNA-seq]	PMID_38815020	38815020	10.1126/science.adi7453	primary_dataset_publication	The article data-availability statement names GSE261766.	study_publication_overrides.json		2026-07-18
SAID001	GSE269455	GSM8316001	Humanized CXCL12 Antibody Delays Onset and Modulates Immune Response in Alopecia Areata  Mice	PMID_39483478	39483478	10.3389/fimmu.2024.1444777	primary_dataset_publication	PubMed identifier recorded in AllData.xlsx	AllData.xlsx	0.818	2026-07-18
SAID002	GSE269455	GSM8316002	Humanized CXCL12 Antibody Delays Onset and Modulates Immune Response in Alopecia Areata  Mice	PMID_39483478	39483478	10.3389/fimmu.2024.1444777	primary_dataset_publication	PubMed identifier recorded in AllData.xlsx	AllData.xlsx	0.818	2026-07-18
SAID003	GSE269455	GSM8316003	Humanized CXCL12 Antibody Delays Onset and Modulates Immune Response in Alopecia Areata  Mice	PMID_39483478	39483478	10.3389/fimmu.2024.1444777	primary_dataset_publication	PubMed identifier recorded in AllData.xlsx	AllData.xlsx	0.818	2026-07-18
SAID001	GSE269455	GSM8316001	Humanized CXCL12 Antibody Delays Onset and Modulates Immune Response in Alopecia Areata  Mice	PMID_39795953	39795953	10.3390/ijms26010095	repository_linked_publication	PubMed identifier recorded in AllData.xlsx	AllData.xlsx	0.402	2026-07-18
SAID002	GSE269455	GSM8316002	Humanized CXCL12 Antibody Delays Onset and Modulates Immune Response in Alopecia Areata  Mice	PMID_39795953	39795953	10.3390/ijms26010095	repository_linked_publication	PubMed identifier recorded in AllData.xlsx	AllData.xlsx	0.402	2026-07-18
SAID003	GSE269455	GSM8316003	Humanized CXCL12 Antibody Delays Onset and Modulates Immune Response in Alopecia Areata  Mice	PMID_39795953	39795953	10.3390/ijms26010095	repository_linked_publication	PubMed identifier recorded in AllData.xlsx	AllData.xlsx	0.402	2026-07-18
SAID001	GSE269455	GSM8316001	Humanized CXCL12 Antibody Delays Onset and Modulates Immune Response in Alopecia Areata  Mice	PMID_40004031	40004031	10.3390/ijms26041565	repository_linked_publication	PubMed identifier recorded in AllData.xlsx	AllData.xlsx	0.430	2026-07-18
SAID002	GSE269455	GSM8316002	Humanized CXCL12 Antibody Delays Onset and Modulates Immune Response in Alopecia Areata  Mice	PMID_40004031	40004031	10.3390/ijms26041565	repository_linked_publication	PubMed identifier recorded in AllData.xlsx	AllData.xlsx	0.430	2026-07-18
SAID003	GSE269455	GSM8316003	Humanized CXCL12 Antibody Delays Onset and Modulates Immune Response in Alopecia Areata  Mice	PMID_40004031	40004031	10.3390/ijms26041565	repository_linked_publication	PubMed identifier recorded in AllData.xlsx	AllData.xlsx	0.430	2026-07-18
SAID084	GSE272509	GSM8403737	TLR9 activation in large wound induces tissue repair and hair follicle regeneration via γδT cells	PMID_39153998	39153998	10.1038/s41419-024-06994-y	primary_dataset_publication	PubMed identifier recorded in AllData.xlsx	AllData.xlsx	1.000	2026-07-18
SAID085	GSE272509	GSM8403738	TLR9 activation in large wound induces tissue repair and hair follicle regeneration via γδT cells	PMID_39153998	39153998	10.1038/s41419-024-06994-y	primary_dataset_publication	PubMed identifier recorded in AllData.xlsx	AllData.xlsx	1.000	2026-07-18
SAID194	HRA000166	HRR060114		PMID_35241665	35241665	10.1038/s41467-022-28799-3	primary_dataset_publication	The article data-availability statement names HRA000166.	study_publication_overrides.json		2026-07-18
SAID195	HRA000166	HRR060115		PMID_35241665	35241665	10.1038/s41467-022-28799-3	primary_dataset_publication	The article data-availability statement names HRA000166.	study_publication_overrides.json		2026-07-18
SAID196	HRA000166	HRR060116		PMID_35241665	35241665	10.1038/s41467-022-28799-3	primary_dataset_publication	The article data-availability statement names HRA000166.	study_publication_overrides.json		2026-07-18
SAID197	HRA000166	HRR060118		PMID_35241665	35241665	10.1038/s41467-022-28799-3	primary_dataset_publication	The article data-availability statement names HRA000166.	study_publication_overrides.json		2026-07-18
SAID198	HRA000166	HRR060122		PMID_35241665	35241665	10.1038/s41467-022-28799-3	primary_dataset_publication	The article data-availability statement names HRA000166.	study_publication_overrides.json		2026-07-18
SAID199	HRA000166	HRR060124		PMID_35241665	35241665	10.1038/s41467-022-28799-3	primary_dataset_publication	The article data-availability statement names HRA000166.	study_publication_overrides.json		2026-07-18
SAID200	HRA000166	HRR060128		PMID_35241665	35241665	10.1038/s41467-022-28799-3	primary_dataset_publication	The article data-availability statement names HRA000166.	study_publication_overrides.json		2026-07-18
SAID201	HRA000166	HRR060130		PMID_35241665	35241665	10.1038/s41467-022-28799-3	primary_dataset_publication	The article data-availability statement names HRA000166.	study_publication_overrides.json		2026-07-18
SAID202	HRA000166	HRR060132		PMID_35241665	35241665	10.1038/s41467-022-28799-3	primary_dataset_publication	The article data-availability statement names HRA000166.	study_publication_overrides.json		2026-07-18
SAID203	HRA000166	HRR060134		PMID_35241665	35241665	10.1038/s41467-022-28799-3	primary_dataset_publication	The article data-availability statement names HRA000166.	study_publication_overrides.json		2026-07-18
SAID204	HRA000166	HRR060136		PMID_35241665	35241665	10.1038/s41467-022-28799-3	primary_dataset_publication	The article data-availability statement names HRA000166.	study_publication_overrides.json		2026-07-18
SAID205	HRA000166	HRR060138		PMID_35241665	35241665	10.1038/s41467-022-28799-3	primary_dataset_publication	The article data-availability statement names HRA000166.	study_publication_overrides.json		2026-07-18
SAID206	HRA000166	HRR060140		PMID_35241665	35241665	10.1038/s41467-022-28799-3	primary_dataset_publication	The article data-availability statement names HRA000166.	study_publication_overrides.json		2026-07-18
SAID207	HRA000166	HRR060142		PMID_35241665	35241665	10.1038/s41467-022-28799-3	primary_dataset_publication	The article data-availability statement names HRA000166.	study_publication_overrides.json		2026-07-18
